STATE,Year,WUI_Type,%AREA,AREA_KM,HOUSING
Alabama,1990,Interface WUI,0.036323577156982,4931.55701865232,480355.0
Alabama,1990,Intermix WUI,0.130995995469528,17784.983513082298,399983.0
Alabama,1990,Non-WUI,0.8326804273734898,113050.842656856,790041.0
Alabama,1990,WUI Total,0.16731957262651,22716.540531734616,880338.0
Alabama,2000,Interface WUI,0.0500337604885739,6792.95273261843,608254.0
Alabama,2000,Intermix WUI,0.156681326212668,21272.213654412,461486.0
Alabama,2000,Non-WUI,0.793284913298758,107702.216801561,893971.0
Alabama,2000,WUI Total,0.206715086701242,28065.16638703043,1069740.0
Alabama,2010,Interface WUI,0.0507985319323373,6896.7837502756,688721.0
Alabama,2010,Intermix WUI,0.1723823433903337,23403.899670023,514753.0
Alabama,2010,Non-WUI,0.7768191246773288,105466.699768294,968379.0
Alabama,2010,WUI Total,0.223180875322671,30300.6834202986,1203474.0
Alabama,2020,Interface WUI,0.051528239748219,6995.85427093007,739725.0
Alabama,2020,Intermix WUI,0.1734237232701784,23545.2850912146,531435.0
Alabama,2020,Non-WUI,0.7750480369816025,105226.243826447,1017170.0
Alabama,2020,WUI Total,0.2249519630183974,30541.13936214467,1271160.0
Alaska,1990,Interface WUI,0.0002141407763853,369.247589858651,85928.0
Alaska,1990,Intermix WUI,0.0013097723834671,2258.46895683444,54903.0
Alaska,1990,Non-WUI,0.9984760868401474,1721693.9941126,91777.0
Alaska,1990,WUI Total,0.0015239131598525,2627.716546693091,140831.0
Alaska,2000,Interface WUI,0.0002236230955224,385.598158614188,95266.0
Alaska,2000,Intermix WUI,0.0016752206484067,2888.61933419258,71532.0
Alaska,2000,Non-WUI,0.9981011562560708,1721047.49316649,94180.0
Alaska,2000,WUI Total,0.0018988437439292,3274.217492806768,166798.0
Alaska,2010,Interface WUI,0.0002329086258977,401.609400235332,104991.0
Alaska,2010,Intermix WUI,0.0020184161429527,3480.39877643863,99001.0
Alaska,2010,Non-WUI,0.9977486752311496,1720439.70248262,102975.0
Alaska,2010,WUI Total,0.0022513247688505,3882.0081766739618,203992.0
Alaska,2020,Interface WUI,0.0002316754527768,399.483013049904,108626.0
Alaska,2020,Intermix WUI,0.0021139296782486,3645.09483901121,110693.0
Alaska,2020,Non-WUI,0.9976543948689744,1720277.13280723,106881.0
Alaska,2020,WUI Total,0.0023456051310255,4044.5778520611134,219319.0
All 50 States,1990,Interface WUI,0.0129136303350679,,
All 50 States,1990,Intermix WUI,0.0463050672820366,,
All 50 States,1990,Non-WUI,0.9407813023828954,,
All 50 States,1990,WUI Total,0.0592186976171046,,
All 50 States,2000,Interface WUI,0.0157176156750181,,
All 50 States,2000,Intermix WUI,0.0534350657809456,,
All 50 States,2000,Non-WUI,0.9308473185440362,,
All 50 States,2000,WUI Total,0.0691526814559638,,
All 50 States,2010,Interface WUI,0.0170945674653931,,
All 50 States,2010,Intermix WUI,0.0600868067559465,,
All 50 States,2010,Non-WUI,0.9228186257786603,,
All 50 States,2010,WUI Total,0.0771813742213397,,
All 50 States,2020,Interface WUI,0.0174656569536748,,
All 50 States,2020,Intermix WUI,0.0601560541294539,,
All 50 States,2020,Non-WUI,0.9223782889168712,,
All 50 States,2020,WUI Total,0.0776217110831288,,
All 50 states,1990,Interface WUI,,127189.7042691571,18165269.0
All 50 states,1990,Intermix WUI,,456070.65255477966,12321116.0
All 50 states,1990,Non-WUI,,9265999.763605816,71777287.0
All 50 states,1990,WUI Total,,583260.3568239367,30486385.0
All 50 states,2000,Interface WUI,,154806.88525619757,22357764.0
All 50 states,2000,Intermix WUI,,526295.8624288089,13393040.0
All 50 states,2000,Non-WUI,,9168157.372744748,80153837.0
All 50 states,2000,WUI Total,,681102.7476850066,35750804.0
All 50 states,2010,Interface WUI,,168368.8416128926,26744489.0
All 50 states,2010,Intermix WUI,,591810.5895453141,15294609.0
All 50 states,2010,Non-WUI,,9089080.689271552,89665632.0
All 50 states,2010,WUI Total,,760179.4311582065,42039098.0
All 50 states,2020,Interface WUI,,172023.79851093685,28910806.0
All 50 states,2020,Intermix WUI,,592492.6249396447,15786467.0
All 50 states,2020,Non-WUI,,9084743.69697918,95801463.0
All 50 states,2020,WUI Total,,764516.4234505815,44697273.0
Arizona,1990,Interface WUI,0.0043745024195463,1291.44004593821,438174.0
Arizona,1990,Intermix WUI,0.01549121304443,4573.31393768254,214970.0
Arizona,1990,Non-WUI,0.9801342845360236,289355.118376659,1006286.0
Arizona,1990,WUI Total,0.0198657154639764,5864.753983620752,653144.0
Arizona,2000,Interface WUI,0.0065970953979492,1947.59366133117,723940.0
Arizona,2000,Intermix WUI,0.0181645568691652,5362.53816039599,226920.0
Arizona,2000,Non-WUI,0.9752383477328854,287909.740538551,1238329.0
Arizona,2000,WUI Total,0.0247616522671145,7310.13182172716,950860.0
Arizona,2010,Interface WUI,0.0086784487702156,2562.05053822828,1072995.0
Arizona,2010,Intermix WUI,0.0212011353540996,6258.996473130261,261235.0
Arizona,2010,Non-WUI,0.9701204158756846,286398.825348919,1510296.0
Arizona,2010,WUI Total,0.0298795841243153,8821.04701135854,1334230.0
Arizona,2020,Interface WUI,0.0091049798150554,2687.9709788435603,1188941.0
Arizona,2020,Intermix WUI,0.0209048674841218,6171.53231037095,272162.0
Arizona,2020,Non-WUI,0.9699901527008226,286360.369071062,1620897.0
Arizona,2020,WUI Total,0.0300098472991772,8859.50328921451,1461103.0
Arkansas,1990,Interface WUI,0.0191792831667566,2642.5739049182203,214707.0
Arkansas,1990,Intermix WUI,0.0605321321457751,8340.2821381117,187611.0
Arkansas,1990,Non-WUI,0.9202885846874684,126799.869304004,598349.0
Arkansas,1990,WUI Total,0.0797114153125317,10982.85604302992,402318.0
Arkansas,2000,Interface WUI,0.0272945663653546,3760.71974098404,269516.0
Arkansas,2000,Intermix WUI,0.0758538420885481,10451.3490910037,214288.0
Arkansas,2000,Non-WUI,0.8968515915460971,123570.656515046,689239.0
Arkansas,2000,WUI Total,0.1031484084539027,14212.06883198774,483804.0
Arkansas,2010,Interface WUI,0.0289139199861247,3983.83869615434,300513.0
Arkansas,2010,Intermix WUI,0.0870698715647661,11996.7241998097,247188.0
Arkansas,2010,Non-WUI,0.8840162084491091,121802.16245107,768598.0
Arkansas,2010,WUI Total,0.1159837915508908,15980.56289596404,547701.0
Arkansas,2020,Interface WUI,0.0283365534442412,3904.28756048945,307307.0
Arkansas,2020,Intermix WUI,0.0867897240551433,11958.1247124347,250613.0
Arkansas,2020,Non-WUI,0.8848737225006152,121920.31307411,807345.0
Arkansas,2020,WUI Total,0.1151262774993846,15862.41227292415,557920.0
California,1990,Interface WUI,0.0179948377085231,7629.18785436209,3035499.0
California,1990,Intermix WUI,0.0380707670137159,16140.6864575234,610537.0
California,1990,Non-WUI,0.9439343952777608,400195.486084145,7536846.0
California,1990,WUI Total,0.0560656047222391,23769.874311885487,3646036.0
California,2000,Interface WUI,0.0181543994068152,7696.83648728391,3539575.0
California,2000,Intermix WUI,0.0417677196811765,17708.0663275504,617646.0
California,2000,Non-WUI,0.940077880912008,398560.457581196,8057328.0
California,2000,WUI Total,0.0599221190879918,25404.902814834317,4157221.0
California,2010,Interface WUI,0.0197505106463494,8373.53236418517,4138836.0
California,2010,Intermix WUI,0.0462913258107845,19625.9186305793,707299.0
California,2010,Non-WUI,0.933958163542866,395965.909401265,8833946.0
California,2010,WUI Total,0.066041836457134,27999.45099476447,4846135.0
California,2020,Interface WUI,0.0202198366647666,8572.51033872659,4384271.0
California,2020,Intermix WUI,0.0453431706237627,19223.933675002103,705126.0
California,2020,Non-WUI,0.9344369927114706,396168.916382298,9302743.0
California,2020,WUI Total,0.0655630072885294,27796.44401372869,5089397.0
Colorado,1990,Interface WUI,0.0064262047077514,1732.53396924656,420542.0
Colorado,1990,Intermix WUI,0.0158204657313232,4265.26939855443,154476.0
Colorado,1990,Non-WUI,0.9777533295609252,263606.737420751,902331.0
Colorado,1990,WUI Total,0.0222466704390747,5997.8033678009915,575018.0
Colorado,2000,Interface WUI,0.0079657008771238,2147.5891270359302,583699.0
Colorado,2000,Intermix WUI,0.0215074027670177,5798.49344655626,176849.0
Colorado,2000,Non-WUI,0.9705268963558584,261658.45821496,1047489.0
Colorado,2000,WUI Total,0.0294731036441415,7946.08257359219,760548.0
Colorado,2010,Interface WUI,0.0095280564742786,2568.8072903552697,759454.0
Colorado,2010,Intermix WUI,0.026005094792824,7011.091639782079,209369.0
Colorado,2010,Non-WUI,0.9644668487328972,260024.641858414,1244075.0
Colorado,2010,WUI Total,0.0355331512671026,9579.89893013735,968823.0
Colorado,2020,Interface WUI,0.0101484087684113,2736.0570857420503,856237.0
Colorado,2020,Intermix WUI,0.0270722231903206,7298.79430135154,224598.0
Colorado,2020,Non-WUI,0.962779368041268,259569.689401457,1410569.0
Colorado,2020,WUI Total,0.0372206319587319,10034.851387093588,1080835.0
Connecticut,1990,Interface WUI,0.0859961540695158,1234.74272271852,343001.0
Connecticut,1990,Intermix WUI,0.4751199566902863,6821.82726994331,291103.0
Connecticut,1990,Non-WUI,0.4388838892401978,6301.54562400172,686746.0
Connecticut,1990,WUI Total,0.5611161107598021,8056.56999266183,634104.0
Connecticut,2000,Interface WUI,0.0809923937775067,1162.89815392778,361598.0
Connecticut,2000,Intermix WUI,0.4954167713135885,7113.25128095465,326073.0
Connecticut,2000,Non-WUI,0.4235908349089048,6081.96618178108,698304.0
Connecticut,2000,WUI Total,0.5764091650910953,8276.149434882429,687671.0
Connecticut,2010,Interface WUI,0.0886114008627798,1272.29273854231,396800.0
Connecticut,2010,Intermix WUI,0.503979481955314,7236.19567034058,352724.0
Connecticut,2010,Non-WUI,0.407409117181906,5849.62720778062,738367.0
Connecticut,2010,WUI Total,0.5925908828180939,8508.488408882891,749524.0
Connecticut,2020,Interface WUI,0.0896581958312872,1287.32274172708,407332.0
Connecticut,2020,Intermix WUI,0.5031492091923607,7224.27451801673,357969.0
Connecticut,2020,Non-WUI,0.407192594976352,5846.5183569197,764896.0
Connecticut,2020,WUI Total,0.5928074050236479,8511.59725974381,765301.0
Conterminous U.S.,1990,Interface WUI,0.0156038030052057,126336.60626918705,17778032.0
Conterminous U.S.,1990,Intermix WUI,0.0559296348659654,452835.77705278125,12212669.0
Conterminous U.S.,1990,Non-WUI,0.9284665621288288,7517354.227981598,71650553.0
Conterminous U.S.,1990,WUI Total,0.0715334378711712,579172.3833219681,29990701.0
Conterminous U.S.,2000,Interface WUI,0.0190069255217925,153890.07828625795,21910181.0
Conterminous U.S.,2000,Intermix WUI,0.0644928575739125,522168.1375861931,13254402.0
Conterminous U.S.,2000,Non-WUI,0.916500216904295,7420468.395431111,80018538.0
Conterminous U.S.,2000,WUI Total,0.083499783095705,676058.2158724512,35164583.0
Conterminous U.S.,2010,Interface WUI,0.0206745779173317,167392.27028514605,26255965.0
Conterminous U.S.,2010,Intermix WUI,0.0724872803575268,586895.1943957394,15108293.0
Conterminous U.S.,2010,Non-WUI,0.9068381417251414,7342239.14662269,89513997.0
Conterminous U.S.,2010,WUI Total,0.0931618582748586,754287.4646808853,41364258.0
Conterminous U.S.,2020,Interface WUI,0.0211233463649635,171025.73596371035,28390711.0
Conterminous U.S.,2020,Intermix WUI,0.0725591330494061,587476.9516276335,15579050.0
Conterminous U.S.,2020,Non-WUI,0.9063175205856302,7338023.92371223,95641709.0
Conterminous U.S.,2020,WUI Total,0.0936824794143697,758502.687591344,43969761.0
Delaware,1990,Interface WUI,0.0386158277067603,248.914206196832,11946.0
Delaware,1990,Intermix WUI,0.0734614741258137,473.526157640144,17294.0
Delaware,1990,Non-WUI,0.8879226981674258,5723.47109213462,260679.0
Delaware,1990,WUI Total,0.1120773018325741,722.440363836976,29240.0
Delaware,2000,Interface WUI,0.040742840447293,262.62474198802903,14893.0
Delaware,2000,Intermix WUI,0.0940211847838948,606.052232102529,19035.0
Delaware,2000,Non-WUI,0.865235974768812,5577.23448188103,309144.0
Delaware,2000,WUI Total,0.1347640252311878,868.6769740905581,33928.0
Delaware,2010,Interface WUI,0.0472688948432907,304.691110781484,18361.0
Delaware,2010,Intermix WUI,0.1060099295003824,683.330619013256,22827.0
Delaware,2010,Non-WUI,0.8467211756563267,5457.889726176851,364697.0
Delaware,2010,WUI Total,0.1532788243436731,988.02172979474,41188.0
Delaware,2020,Interface WUI,0.0477213152636345,307.607372751894,21071.0
Delaware,2020,Intermix WUI,0.1071679953923381,690.795409212983,23279.0
Delaware,2020,Non-WUI,0.8451106893440272,5447.50867400671,404385.0
Delaware,2020,WUI Total,0.1548893106559727,998.402781964877,44350.0
District of Columbia,1990,Interface WUI,0.0,0.0,0.0
District of Columbia,1990,Intermix WUI,0.0475358758180789,8.41507969077913,4019.0
District of Columbia,1990,Non-WUI,0.9524641241819212,168.61078858151,274470.0
District of Columbia,1990,WUI Total,0.0475358758180789,8.41507969077913,4019.0
District of Columbia,2000,Interface WUI,0.0,0.0,0.0
District of Columbia,2000,Intermix WUI,0.0287337368451747,5.08661471372454,1654.0
District of Columbia,2000,Non-WUI,0.9712662631548252,171.939253558565,273191.0
District of Columbia,2000,WUI Total,0.0287337368451747,5.08661471372454,1654.0
District of Columbia,2010,Interface WUI,0.0,0.0,0.0
District of Columbia,2010,Intermix WUI,0.0228465268607182,4.04442625452482,1167.0
District of Columbia,2010,Non-WUI,0.9771534731392818,172.981442017764,295552.0
District of Columbia,2010,WUI Total,0.0228465268607182,4.04442625452482,1167.0
District of Columbia,2020,Interface WUI,0.0,0.0,0.0
District of Columbia,2020,Intermix WUI,0.0177597685477952,3.14393844748835,980.0
District of Columbia,2020,Non-WUI,0.9822402314522048,173.881929824801,349384.0
District of Columbia,2020,WUI Total,0.0177597685477952,3.14393844748835,980.0
Florida,1990,Interface WUI,0.0244406477577305,4519.91430460218,831922.0
Florida,1990,Intermix WUI,0.0714442401628242,13212.4911865825,498341.0
Florida,1990,Non-WUI,0.9041151120794452,167201.903509383,4769999.0
Florida,1990,WUI Total,0.0958848879205548,17732.40549118468,1330263.0
Florida,2000,Interface WUI,0.0364844058652125,6747.21838797933,1221224.0
Florida,2000,Intermix WUI,0.0761007392510587,14073.6376278269,475204.0
Florida,2000,Non-WUI,0.8874148548837286,164113.45298476098,5606519.0
Florida,2000,WUI Total,0.1125851451162713,20820.856015806232,1696428.0
Florida,2010,Interface WUI,0.041722401499478,7715.90349115028,1734193.0
Florida,2010,Intermix WUI,0.0875818026845357,16196.8801604888,559853.0
Florida,2010,Non-WUI,0.8706957958159863,161021.52534892998,6695534.0
Florida,2010,WUI Total,0.1293042041840138,23912.78365163908,2294046.0
Florida,2020,Interface WUI,0.0439243146066766,8123.11277010943,1973298.0
Florida,2020,Intermix WUI,0.0897529499119445,16598.3997727283,613415.0
Florida,2020,Non-WUI,0.8663227354813787,160212.796457733,7278637.0
Florida,2020,WUI Total,0.1336772645186212,24721.51254283773,2586713.0
Georgia,1990,Interface WUI,0.0323536582835267,4979.389481364859,494072.0
Georgia,1990,Intermix WUI,0.1559351132399724,23999.1921728957,671552.0
Georgia,1990,Non-WUI,0.8117112284765007,124926.40917332,1472794.0
Georgia,1990,WUI Total,0.1882887715234992,28978.58165426056,1165624.0
Georgia,2000,Interface WUI,0.0472661313669169,7274.4935144805295,674758.0
Georgia,2000,Intermix WUI,0.1818852003048868,27993.0400845961,774253.0
Georgia,2000,Non-WUI,0.7708486683281961,118637.457228503,1832726.0
Georgia,2000,WUI Total,0.2291513316718038,35267.53359907663,1449011.0
Georgia,2010,Interface WUI,0.0536828931723624,8262.06518129039,892380.0
Georgia,2010,Intermix WUI,0.2064534605832263,31774.2179573836,924209.0
Georgia,2010,Non-WUI,0.7398636462444113,113868.707688906,2272212.0
Georgia,2010,WUI Total,0.2601363537555887,40036.28313867399,1816589.0
Georgia,2020,Interface WUI,0.0544138944815904,8374.5699310821,963865.0
Georgia,2020,Intermix WUI,0.2053593250835008,31605.825043334306,956181.0
Georgia,2020,Non-WUI,0.7402267804349087,113924.595853164,2490910.0
Georgia,2020,WUI Total,0.2597732195650912,39980.3949744164,1920046.0
Hawaii,1990,Interface WUI,0.0170299113825972,483.85041011142,301309.0
Hawaii,1990,Intermix WUI,0.0343662350801801,976.406545163985,53544.0
Hawaii,1990,Non-WUI,0.9486038535372224,26951.5415116187,34957.0
Hawaii,1990,WUI Total,0.0513961464627774,1460.2569552754053,354853.0
Hawaii,2000,Interface WUI,0.0186967682438119,531.208811325412,352317.0
Hawaii,2000,Intermix WUI,0.0436123573756527,1239.1055084232098,67106.0
Hawaii,2000,Non-WUI,0.9376908743805352,26641.4841471455,41119.0
Hawaii,2000,WUI Total,0.0623091256194647,1770.3143197486218,419423.0
Hawaii,2010,Interface WUI,0.0202367311657933,574.961927511238,383533.0
Hawaii,2010,Intermix WUI,0.0505070587069001,1434.99637313604,87315.0
Hawaii,2010,Non-WUI,0.9292562101273064,26401.840166246897,48660.0
Hawaii,2010,WUI Total,0.0707437898726935,2009.9583006472776,470848.0
Hawaii,2020,Interface WUI,0.0210679916962684,598.579534176579,411469.0
Hawaii,2020,Intermix WUI,0.0482397647089122,1370.57847300001,96724.0
Hawaii,2020,Non-WUI,0.9306922435948192,26442.6404597176,52873.0
Hawaii,2020,WUI Total,0.0693077564051807,1969.1580071765889,508193.0
Idaho,1990,Interface WUI,0.0045946038587598,994.4630349026868,127869.0
Idaho,1990,Intermix WUI,0.0075266955719252,1629.08941691999,43888.0
Idaho,1990,Non-WUI,0.9878787005693148,213817.96578846895,241570.0
Idaho,1990,WUI Total,0.0121212994306851,2623.5524518226766,171757.0
Idaho,2000,Interface WUI,0.005713220121801,1236.57803720359,169718.0
Idaho,2000,Intermix WUI,0.0107832401489279,2333.94086938362,52976.0
Idaho,2000,Non-WUI,0.983503539729271,212870.999333704,305130.0
Idaho,2000,WUI Total,0.0164964602707289,3570.51890658721,222694.0
Idaho,2010,Interface WUI,0.006883202213414,1489.81073742627,205594.0
Idaho,2010,Intermix WUI,0.0139705087923399,3023.7981336033804,69658.0
Idaho,2010,Non-WUI,0.979146288994246,211927.90936926095,392544.0
Idaho,2010,WUI Total,0.0208537110057539,4513.60887102965,275252.0
Idaho,2020,Interface WUI,0.0073959037097152,1600.78062768978,223077.0
Idaho,2020,Intermix WUI,0.0149619514013469,3238.38747714499,74309.0
Idaho,2020,Non-WUI,0.9776421448889377,211602.350135457,454473.0
Idaho,2020,WUI Total,0.0223578551110622,4839.16810483477,297386.0
Illinois,1990,Interface WUI,0.0081848620266233,1227.68882560652,253390.0
Illinois,1990,Intermix WUI,0.0165801150377161,2486.9352583909404,81017.0
Illinois,1990,Non-WUI,0.9752350229356604,146280.430397452,4171868.0
Illinois,1990,WUI Total,0.0247649770643395,3714.62408399746,334407.0
Illinois,2000,Interface WUI,0.0090743187811537,1361.10293996119,281730.0
Illinois,2000,Intermix WUI,0.0185877069984693,2788.06412392062,80236.0
Illinois,2000,Non-WUI,0.9723379742203768,145845.887417567,4523649.0
Illinois,2000,WUI Total,0.0276620257796231,4149.16706388181,361966.0
Illinois,2010,Interface WUI,0.0097597805632293,1463.91881730857,311199.0
Illinois,2010,Intermix WUI,0.0204041321958242,3060.51892035934,80004.0
Illinois,2010,Non-WUI,0.9698360872409464,145470.616743781,4905512.0
Illinois,2010,WUI Total,0.0301639127590535,4524.4377376679095,391203.0
Illinois,2020,Interface WUI,0.0098049672453783,1470.6965961593398,315646.0
Illinois,2020,Intermix WUI,0.0207058150066122,3105.76984999958,80649.0
Illinois,2020,Non-WUI,0.9694892177480094,145418.588035289,5030134.0
Illinois,2020,WUI Total,0.0305107822519905,4576.46644615892,396295.0
Indiana,1990,Interface WUI,0.0199283999518093,1879.8581698002,109715.0
Indiana,1990,Intermix WUI,0.059967545375325,5656.77527394434,140039.0
Indiana,1990,Non-WUI,0.9201040546728656,86793.9788656255,1996292.0
Indiana,1990,WUI Total,0.0798959453271344,7536.633443744539,249754.0
Indiana,2000,Interface WUI,0.0235689036107958,2223.269109066889,135809.0
Indiana,2000,Intermix WUI,0.0740947669183248,6989.40473232562,148118.0
Indiana,2000,Non-WUI,0.9023363294708792,85117.93846797729,2248392.0
Indiana,2000,WUI Total,0.0976636705291206,9212.673841392509,283927.0
Indiana,2010,Interface WUI,0.0266757782491195,2516.34249606843,150226.0
Indiana,2010,Intermix WUI,0.0828629164386647,7816.50964539943,163388.0
Indiana,2010,Non-WUI,0.8904613053122157,83997.7601679025,2481927.0
Indiana,2010,WUI Total,0.1095386946877842,10332.85214146786,313614.0
Indiana,2020,Interface WUI,0.0266392121971054,2512.8931979922,154594.0
Indiana,2020,Intermix WUI,0.0828333223445545,7813.71801638126,166110.0
Indiana,2020,Non-WUI,0.89052746545834,84004.00109499671,2602471.0
Indiana,2020,WUI Total,0.1094725345416599,10326.61121437346,320704.0
Iowa,1990,Interface WUI,0.0019716254741136,287.355913711243,42966.0
Iowa,1990,Intermix WUI,0.0067957264803184,990.447839979072,28038.0
Iowa,1990,Non-WUI,0.9912326480455678,144467.885518469,1072665.0
Iowa,1990,WUI Total,0.008767351954432,1277.803753690315,71004.0
Iowa,2000,Interface WUI,0.0021407385803059,312.003419938193,44333.0
Iowa,2000,Intermix WUI,0.0070252074091654,1023.8936961287,26564.0
Iowa,2000,Non-WUI,0.9908340540105286,144409.792156092,1161614.0
Iowa,2000,WUI Total,0.0091659459894714,1335.897116066893,70897.0
Iowa,2010,Interface WUI,0.0023686668939101,345.222989109086,45148.0
Iowa,2010,Intermix WUI,0.0072684269299846,1059.34189283493,26753.0
Iowa,2010,Non-WUI,0.9903629061761052,144341.124390215,1264516.0
Iowa,2010,WUI Total,0.0096370938238948,1404.564881944016,71901.0
Iowa,2020,Interface WUI,0.0023775759334858,346.521443222792,45084.0
Iowa,2020,Intermix WUI,0.007588793541275,1106.03394541724,28181.0
Iowa,2020,Non-WUI,0.990033630525239,144293.133883519,1339524.0
Iowa,2020,WUI Total,0.0099663694747608,1452.555388640032,73265.0
Kansas,1990,Interface WUI,0.0026696310721323,568.897031891683,106562.0
Kansas,1990,Intermix WUI,0.0063098375516468,1344.6231924411,40399.0
Kansas,1990,Non-WUI,0.9910205313762208,211185.974245243,897151.0
Kansas,1990,WUI Total,0.0089794686237792,1913.5202243327833,146961.0
Kansas,2000,Interface WUI,0.0026670229058027,568.341232965348,112727.0
Kansas,2000,Intermix WUI,0.0068472895431042,1459.15394012233,40378.0
Kansas,2000,Non-WUI,0.990485687551093,211071.999296488,978095.0
Kansas,2000,WUI Total,0.009514312448907,2027.4951730876776,153105.0
Kansas,2010,Interface WUI,0.0028902268650837,615.905883851726,123683.0
Kansas,2010,Intermix WUI,0.0077787432073589,1657.64624509684,42365.0
Kansas,2010,Non-WUI,0.9893310299275572,210825.94234062705,1067167.0
Kansas,2010,WUI Total,0.0106689700724426,2273.552128948566,166048.0
Kansas,2020,Interface WUI,0.0029637681221679,631.57748855903,128772.0
Kansas,2020,Intermix WUI,0.0078233178240309,1667.14507337581,42180.0
Kansas,2020,Non-WUI,0.989212914053801,210800.771907641,1104737.0
Kansas,2020,WUI Total,0.0107870859461988,2298.72256193484,170952.0
Kentucky,1990,Interface WUI,0.0336884063859573,3525.51965173744,215152.0
Kentucky,1990,Intermix WUI,0.1361552757007166,14248.7624576595,283934.0
Kentucky,1990,Non-WUI,0.830156317913326,86876.5467646876,1007759.0
Kentucky,1990,WUI Total,0.169843682086674,17774.28210939694,499086.0
Kentucky,2000,Interface WUI,0.0447235042211367,4680.35178689559,276084.0
Kentucky,2000,Intermix WUI,0.159925509015755,16736.3370766087,283392.0
Kentucky,2000,Non-WUI,0.7953509867631083,83234.1400105806,1191451.0
Kentucky,2000,WUI Total,0.2046490132368917,21416.68886350429,559476.0
Kentucky,2010,Interface WUI,0.046767245567629,4894.23101281027,293950.0
Kentucky,2010,Intermix WUI,0.1749774774935547,18311.5380539971,305621.0
Kentucky,2010,Non-WUI,0.7782552769388162,81445.0598072779,1327593.0
Kentucky,2010,WUI Total,0.2217447230611837,23205.76906680737,599571.0
Kentucky,2020,Interface WUI,0.0464247587441919,4858.38948285913,297354.0
Kentucky,2020,Intermix WUI,0.1709986097235974,17895.1462438907,296980.0
Kentucky,2020,Non-WUI,0.7825766315322105,81897.2931473355,1399989.0
Kentucky,2020,WUI Total,0.2174233684677894,22753.53572674983,594334.0
Louisiana,1990,Interface WUI,0.0235454100913914,3193.97364618757,429103.0
Louisiana,1990,Intermix WUI,0.0740006854632713,10038.3148245067,232163.0
Louisiana,1990,Non-WUI,0.902453904445337,122419.358019648,1054975.0
Louisiana,1990,WUI Total,0.0975460955546628,13232.288470694271,661266.0
Louisiana,2000,Interface WUI,0.0289747110270473,3930.46725740084,500701.0
Louisiana,2000,Intermix WUI,0.0820713967782511,11133.120102731898,241808.0
Louisiana,2000,Non-WUI,0.8889538921947013,120588.059130209,1104672.0
Louisiana,2000,WUI Total,0.1110461078052985,15063.587360132738,742509.0
Louisiana,2010,Interface WUI,0.0291886219266781,3959.48462313799,551093.0
Louisiana,2010,Intermix WUI,0.0919022697262101,12466.6942045599,274539.0
Louisiana,2010,Non-WUI,0.8789091083471117,119225.467662644,1139349.0
Louisiana,2010,WUI Total,0.1210908916528882,16426.17882769789,825632.0
Louisiana,2020,Interface WUI,0.0301606068425702,4091.33597734252,589321.0
Louisiana,2020,Intermix WUI,0.0928514483929023,12595.4518535102,290585.0
Louisiana,2020,Non-WUI,0.8769879447645273,118964.858659489,1193294.0
Louisiana,2020,WUI Total,0.1230120552354726,16686.78783085272,879906.0
Maine,1990,Interface WUI,0.0113194855582897,1037.24267302365,161463.0
Maine,1990,Intermix WUI,0.1358280854660625,12446.3859876853,271726.0
Maine,1990,Non-WUI,0.8528524289756476,78149.74705079,153856.0
Maine,1990,WUI Total,0.1471475710243522,13483.62866070895,433189.0
Maine,2000,Interface WUI,0.0133010559722892,1218.82065926846,183054.0
Maine,2000,Intermix WUI,0.1600095793905415,14662.2179057324,313926.0
Maine,2000,Non-WUI,0.826689364637169,75752.337146498,154921.0
Maine,2000,WUI Total,0.1733106353628308,15881.03856500086,496980.0
Maine,2010,Interface WUI,0.0137142993047917,1256.68754081593,196071.0
Maine,2010,Intermix WUI,0.1818892818580746,16667.1289023957,367421.0
Maine,2010,Non-WUI,0.8043964188371336,73709.5592682874,158338.0
Maine,2010,WUI Total,0.1956035811628663,17923.81644321163,563492.0
Maine,2020,Interface WUI,0.0137899377303569,1263.61854508398,200709.0
Maine,2020,Intermix WUI,0.182093059942016,16685.801776123302,378392.0
Maine,2020,Non-WUI,0.8041170023276268,73683.9553902919,159971.0
Maine,2020,WUI Total,0.195882997672373,17949.420321207283,579101.0
Maryland,1990,Interface WUI,0.0779886080453415,2505.85740009407,272526.0
Maryland,1990,Intermix WUI,0.1448393704283981,4653.8439050220695,190238.0
Maryland,1990,Non-WUI,0.7771720215262603,24971.3683844108,1429153.0
Maryland,1990,WUI Total,0.2228279784737397,7159.701305116139,462764.0
Maryland,2000,Interface WUI,0.0697272192427442,2240.41014074552,326820.0
Maryland,2000,Intermix WUI,0.1747030324803582,5613.39531159803,212377.0
Maryland,2000,Non-WUI,0.7555697482768974,24277.264237183103,1606086.0
Maryland,2000,WUI Total,0.2444302517231025,7853.80545234355,539197.0
Maryland,2010,Interface WUI,0.0728530248589161,2340.84561883467,387283.0
Maryland,2010,Intermix WUI,0.1830710834068697,5882.26973908332,229032.0
Maryland,2010,Non-WUI,0.7440758917342141,23907.954331608897,1762499.0
Maryland,2010,WUI Total,0.2559241082657858,8223.11535791799,616315.0
Maryland,2020,Interface WUI,0.0731803126381034,2351.36172527626,416329.0
Maryland,2020,Intermix WUI,0.1830609948628681,5881.94558337292,240977.0
Maryland,2020,Non-WUI,0.7437586924990284,23897.7623808776,1873538.0
Maryland,2020,WUI Total,0.2562413075009715,8233.307308649177,657306.0
Massachusetts,1990,Interface WUI,0.0789045247037041,2156.85921932258,610148.0
Massachusetts,1990,Intermix WUI,0.3051467341029605,8341.20158720441,370713.0
Massachusetts,1990,Non-WUI,0.6159487411933353,16836.9903508286,1491850.0
Massachusetts,1990,WUI Total,0.3840512588066646,10498.06080652699,980861.0
Massachusetts,2000,Interface WUI,0.080636724327715,2204.20898465967,658880.0
Massachusetts,2000,Intermix WUI,0.3214676404091539,8787.33439601861,417939.0
Massachusetts,2000,Non-WUI,0.597895635263131,16343.5077766773,1545170.0
Massachusetts,2000,WUI Total,0.402104364736869,10991.54338067828,1076819.0
Massachusetts,2010,Interface WUI,0.0905716611841244,2475.7809918747203,727207.0
Massachusetts,2010,Intermix WUI,0.324747629382448,8876.99306239917,430724.0
Massachusetts,2010,Non-WUI,0.5846807094334274,15982.2771030817,1650323.0
Massachusetts,2010,WUI Total,0.4153192905665724,11352.77405427389,1157931.0
Massachusetts,2020,Interface WUI,0.0925236433330787,2529.13852377463,769970.0
Massachusetts,2020,Intermix WUI,0.3261827522481144,8916.22221934925,455624.0
Massachusetts,2020,Non-WUI,0.5812936044188067,15889.690414231702,1772943.0
Massachusetts,2020,WUI Total,0.4187063955811932,11445.360743123882,1225594.0
Michigan,1990,Interface WUI,0.0204732089778598,5128.26486707193,373516.0
Michigan,1990,Intermix WUI,0.071518071328964,17914.3197802404,433921.0
Michigan,1990,Non-WUI,0.908008719693176,227444.03289357905,3040489.0
Michigan,1990,WUI Total,0.0919912803068239,23042.584647312327,807437.0
Michigan,2000,Interface WUI,0.0228523604797805,5724.2104794054,443660.0
Michigan,2000,Intermix WUI,0.0881467916921426,22079.5916980465,522984.0
Michigan,2000,Non-WUI,0.8890008478280766,222682.815363441,3267635.0
Michigan,2000,WUI Total,0.1109991521719232,27803.8021774519,966644.0
Michigan,2010,Interface WUI,0.0251089021918619,6289.44398020461,481157.0
Michigan,2010,Intermix WUI,0.0961884503595104,24093.9195770538,584544.0
Michigan,2010,Non-WUI,0.8787026474486275,220103.253983634,3466532.0
Michigan,2010,WUI Total,0.1212973525513724,30383.36355725841,1065701.0
Michigan,2020,Interface WUI,0.0249028370934327,6237.82743070586,485189.0
Michigan,2020,Intermix WUI,0.0936016511372603,23445.960989615003,578918.0
Michigan,2020,Non-WUI,0.8814955117693068,220802.829120572,3506066.0
Michigan,2020,WUI Total,0.1185044882306931,29683.788420320863,1064107.0
Minnesota,1990,Interface WUI,0.004523359589376,1018.57936029608,152651.0
Minnesota,1990,Intermix WUI,0.0306459804670133,6900.9245369419605,183353.0
Minnesota,1990,Non-WUI,0.9648306599436108,217262.540592086,1512441.0
Minnesota,1990,WUI Total,0.0351693400563893,7919.50389723804,336004.0
Minnesota,2000,Interface WUI,0.005578069057491,1256.08099466848,184032.0
Minnesota,2000,Intermix WUI,0.0342236883091883,7706.5601034284,185430.0
Minnesota,2000,Non-WUI,0.9601982426333204,216219.40339122695,1696484.0
Minnesota,2000,WUI Total,0.0398017573666794,8962.64109809688,369462.0
Minnesota,2010,Interface WUI,0.0063599862395799,1432.15470435258,210740.0
Minnesota,2010,Intermix WUI,0.0396881163092347,8937.05117244353,218323.0
Minnesota,2010,Non-WUI,0.9539518974511852,214812.838612527,1918138.0
Minnesota,2010,WUI Total,0.0460481025488147,10369.20587679611,429063.0
Minnesota,2020,Interface WUI,0.0064355568385943,1449.17184634192,220343.0
Minnesota,2020,Intermix WUI,0.0397829543358833,8958.4069931796,219894.0
Minnesota,2020,Non-WUI,0.9537814888255224,214774.465649802,2045321.0
Minnesota,2020,WUI Total,0.0462185111744776,10407.57883952152,440237.0
Mississippi,1990,Interface WUI,0.0250477407072183,3142.19608971973,259390.0
Mississippi,1990,Intermix WUI,0.1097064296294509,13762.4833404408,240714.0
Mississippi,1990,Non-WUI,0.8652458296633307,108543.604566735,510319.0
Mississippi,1990,WUI Total,0.1347541703366693,16904.67943016053,500104.0
Mississippi,2000,Interface WUI,0.0372866635245087,4677.54795511925,327214.0
Mississippi,2000,Intermix WUI,0.1326622292574369,16642.2490115482,276928.0
Mississippi,2000,Non-WUI,0.8300511072180544,104128.487030228,557811.0
Mississippi,2000,WUI Total,0.1699488927819456,21319.796966667447,604142.0
Mississippi,2010,Interface WUI,0.0347792101049777,4362.99222643697,356152.0
Mississippi,2010,Intermix WUI,0.1585970894881063,19895.7327231851,341111.0
Mississippi,2010,Non-WUI,0.8066237004069158,101189.559047274,577456.0
Mississippi,2010,WUI Total,0.193376299593084,24258.724949622072,697263.0
Mississippi,2020,Interface WUI,0.0357314323347595,4482.44687114678,371447.0
Mississippi,2020,Intermix WUI,0.161733880486863,20289.237771236,354301.0
Mississippi,2020,Non-WUI,0.8025346871783773,100676.599354513,594197.0
Mississippi,2020,WUI Total,0.1974653128216226,24771.68464238278,725748.0
Missouri,1990,Interface WUI,0.009850387573455,1778.38686111003,149997.0
Missouri,1990,Intermix WUI,0.0472123498961894,8523.70753043002,217425.0
Missouri,1990,Non-WUI,0.9429372625303556,170237.69126140798,1831707.0
Missouri,1990,WUI Total,0.0570627374696444,10302.094391540048,367422.0
Missouri,2000,Interface WUI,0.0139398698592244,2516.70111641438,203189.0
Missouri,2000,Intermix WUI,0.0579097085941016,10455.0063768038,237763.0
Missouri,2000,Non-WUI,0.9281504215466738,167568.07815973,2001065.0
Missouri,2000,WUI Total,0.0718495784533261,12971.70749321818,440952.0
Missouri,2010,Interface WUI,0.015704982864465,2835.37424003373,239341.0
Missouri,2010,Intermix WUI,0.0678774824475291,12254.5861317386,277560.0
Missouri,2010,Non-WUI,0.916417534688006,165449.825281175,2195828.0
Missouri,2010,WUI Total,0.0835824653119941,15089.960371772331,516901.0
Missouri,2020,Interface WUI,0.0152726454994855,2757.3201448305804,245593.0
Missouri,2020,Intermix WUI,0.0656003619813447,11843.4752908678,273392.0
Missouri,2020,Non-WUI,0.9191269925191696,165938.99021725,2267636.0
Missouri,2020,WUI Total,0.0808730074808302,14600.79543569838,518985.0
Montana,1990,Interface WUI,0.0029516840948123,1124.1204499335302,174420.0
Montana,1990,Intermix WUI,0.0054664320606686,2081.83798475246,46220.0
Montana,1990,Non-WUI,0.991581883844519,377634.40720919,140515.0
Montana,1990,WUI Total,0.0084181161554809,3205.95843468599,220640.0
Montana,2000,Interface WUI,0.0035318207457007,1345.0599041813,195414.0
Montana,2000,Intermix WUI,0.0076457245350101,2911.80052752563,61766.0
Montana,2000,Non-WUI,0.988822454719289,376583.505212169,155453.0
Montana,2000,WUI Total,0.0111775452807109,4256.86043170693,257180.0
Montana,2010,Interface WUI,0.0040894286901214,1557.41951762042,223078.0
Montana,2010,Intermix WUI,0.0098500633298105,3751.30172014039,81101.0
Montana,2010,Non-WUI,0.986060507980068,375531.644406114,178646.0
Montana,2010,WUI Total,0.013939492019932,5308.72123776081,304179.0
Montana,2020,Interface WUI,0.004524638108422,1723.16483161765,238619.0
Montana,2020,Intermix WUI,0.0103976151126355,3959.8315413204,83197.0
Montana,2020,Non-WUI,0.9850777467789424,375157.369270938,192987.0
Montana,2020,WUI Total,0.0149222532210575,5682.996372938051,321816.0
Nebraska,1990,Interface WUI,0.0015568762589198,311.88668802106,69436.0
Nebraska,1990,Intermix WUI,0.0035197131964839,705.0988704760799,24555.0
Nebraska,1990,Non-WUI,0.9949234105445964,199311.515974085,566630.0
Nebraska,1990,WUI Total,0.0050765894554037,1016.98555849714,93991.0
Nebraska,2000,Interface WUI,0.0016942825401167,339.413082434407,72877.0
Nebraska,2000,Intermix WUI,0.0040530700336281,811.945446443333,24905.0
Nebraska,2000,Non-WUI,0.994252647426255,199177.143003705,624886.0
Nebraska,2000,WUI Total,0.0057473525737448,1151.35852887774,97782.0
Nebraska,2010,Interface WUI,0.0017504138182773,350.657777277437,75112.0
Nebraska,2010,Intermix WUI,0.004166413364576,834.651346090852,24893.0
Nebraska,2010,Non-WUI,0.9940831728171464,199143.192409214,696788.0
Nebraska,2010,WUI Total,0.0059168271828534,1185.309123368289,100005.0
Nebraska,2020,Interface WUI,0.001831379295717,366.877470048802,74250.0
Nebraska,2020,Intermix WUI,0.0041439977459871,830.160858808004,25060.0
Nebraska,2020,Non-WUI,0.9940246229582956,199131.463203726,744968.0
Nebraska,2020,WUI Total,0.0059753770417042,1197.038328856806,99310.0
Nevada,1990,Interface WUI,0.0021389593635567,612.548652348638,144758.0
Nevada,1990,Intermix WUI,0.0031809196586502,910.942060580084,40644.0
Nevada,1990,Non-WUI,0.994680120977793,284853.456313336,333456.0
Nevada,1990,WUI Total,0.005319879022207,1523.490712928722,185402.0
Nevada,2000,Interface WUI,0.0031274895408473,895.640906564448,244490.0
Nevada,2000,Intermix WUI,0.0042320901241497,1211.97304929402,43470.0
Nevada,2000,Non-WUI,0.9926404203350028,284269.333070406,539497.0
Nevada,2000,WUI Total,0.0073595796649971,2107.613955858468,287960.0
Nevada,2010,Interface WUI,0.0037964373578758,1087.21214012494,437036.0
Nevada,2010,Intermix WUI,0.0046918862165993,1343.6480505043198,53163.0
Nevada,2010,Non-WUI,0.9915116764255248,283946.086835634,683615.0
Nevada,2010,WUI Total,0.0084883235744751,2430.86019062926,490199.0
Nevada,2020,Interface WUI,0.0039505688802391,1131.35185493986,515881.0
Nevada,2020,Intermix WUI,0.0049715902286592,1423.74883154905,55132.0
Nevada,2020,Non-WUI,0.9910778408911016,283821.846339774,710005.0
Nevada,2020,WUI Total,0.0089221591088984,2555.10068648891,571013.0
New Hampshire,1990,Interface WUI,0.0356541359882677,863.4037138773318,162228.0
New Hampshire,1990,Intermix WUI,0.3085686546005642,7472.32586020107,211514.0
New Hampshire,1990,Non-WUI,0.655777209411168,15880.3589650308,130162.0
New Hampshire,1990,WUI Total,0.344222790588832,8335.729574078403,373742.0
New Hampshire,2000,Interface WUI,0.0363627387577045,880.563301281069,180524.0
New Hampshire,2000,Intermix WUI,0.3367963175819641,8155.88944621076,234064.0
New Hampshire,2000,Non-WUI,0.6268409436603312,15179.6357916173,132436.0
New Hampshire,2000,WUI Total,0.3731590563396686,9036.452747491827,414588.0
New Hampshire,2010,Interface WUI,0.0403341870388527,976.73624448585,205526.0
New Hampshire,2010,Intermix WUI,0.3738453033242044,9053.07096522908,270656.0
New Hampshire,2010,Non-WUI,0.5858205096369428,14186.2813293943,138572.0
New Hampshire,2010,WUI Total,0.4141794903630571,10029.807209714932,476182.0
New Hampshire,2020,Interface WUI,0.0408720442907063,989.7610433181402,212521.0
New Hampshire,2020,Intermix WUI,0.3792855502198065,9184.8124657276,281220.0
New Hampshire,2020,Non-WUI,0.579842405489487,14041.5150300635,145054.0
New Hampshire,2020,WUI Total,0.420157594510513,10174.57350904574,493741.0
New Jersey,1990,Interface WUI,0.0959185343555608,2166.03243989898,453999.0
New Jersey,1990,Intermix WUI,0.1950424466968169,4404.448728715181,262715.0
New Jersey,1990,Non-WUI,0.7090390189476222,16011.5198435125,2358596.0
New Jersey,1990,WUI Total,0.2909609810523777,6570.48116861416,716714.0
New Jersey,2000,Interface WUI,0.0967280054815554,2184.3119176854702,530668.0
New Jersey,2000,Intermix WUI,0.2025446822122514,4573.86421871792,243726.0
New Jersey,2000,Non-WUI,0.7007273123061932,15823.8248757232,2535881.0
New Jersey,2000,WUI Total,0.2992726876938068,6758.17613640339,774394.0
New Jersey,2010,Interface WUI,0.1032304144959445,2331.14932462968,594378.0
New Jersey,2010,Intermix WUI,0.2004858812514088,4527.3723733364295,255491.0
New Jersey,2010,Non-WUI,0.6962837042526465,15723.4793141606,2703693.0
New Jersey,2010,WUI Total,0.3037162957473533,6858.521697966109,849869.0
New Jersey,2020,Interface WUI,0.1042686958439063,2354.5957950802203,623527.0
New Jersey,2020,Intermix WUI,0.2004195896240341,4525.87537573995,260587.0
New Jersey,2020,Non-WUI,0.6953117145320596,15701.5298413065,2877115.0
New Jersey,2020,WUI Total,0.3046882854679404,6880.47117082017,884114.0
New Mexico,1990,Interface WUI,0.003743002114767,1178.76521978677,252167.0
New Mexico,1990,Intermix WUI,0.0118067359369406,3718.23719435387,142603.0
New Mexico,1990,Non-WUI,0.9844502619482924,310028.072069853,237288.0
New Mexico,1990,WUI Total,0.0155497380517077,4897.00241414064,394770.0
New Mexico,2000,Interface WUI,0.0044420632527834,1398.91710074544,345148.0
New Mexico,2000,Intermix WUI,0.0151023243530447,4756.10062176405,168693.0
New Mexico,2000,Non-WUI,0.9804556123941716,308770.056761484,266738.0
New Mexico,2000,WUI Total,0.0195443876058282,6155.017722509489,513841.0
New Mexico,2010,Interface WUI,0.0050975406345992,1605.34336403636,427578.0
New Mexico,2010,Intermix WUI,0.0164000179874499,5164.77688623653,181340.0
New Mexico,2010,Non-WUI,0.9785024413779508,308154.954233722,292470.0
New Mexico,2010,WUI Total,0.0214975586220491,6770.12025027289,608918.0
New Mexico,2020,Interface WUI,0.0053244162329702,1676.79217875196,456535.0
New Mexico,2020,Intermix WUI,0.0164376492914884,5176.62792746379,183558.0
New Mexico,2020,Non-WUI,0.9782379344755412,308071.65437778004,300766.0
New Mexico,2020,WUI Total,0.0217620655244586,6853.42010621575,640093.0
New York,1990,Interface WUI,0.0469380537029867,6632.6404699477,728894.0
New York,1990,Intermix WUI,0.1795724217540098,25374.7059762807,687674.0
New York,1990,Non-WUI,0.7734895245430033,109298.906086472,5810323.0
New York,1990,WUI Total,0.2265104754569966,32007.3464462284,1416568.0
New York,2000,Interface WUI,0.0504002791613167,7121.87457488754,810841.0
New York,2000,Intermix WUI,0.2017670668361808,28510.9480991353,717464.0
New York,2000,Non-WUI,0.7478326540025023,105673.429858676,6151002.0
New York,2000,WUI Total,0.2521673459974975,35632.82267402284,1528305.0
New York,2010,Interface WUI,0.053246879963721,7524.117066731868,876983.0
New York,2010,Intermix WUI,0.2225094522871456,31441.9768557999,777996.0
New York,2010,Non-WUI,0.7242436677491331,102340.158610167,6453124.0
New York,2010,WUI Total,0.2757563322508667,38966.09392253177,1654979.0
New York,2020,Interface WUI,0.0537768492125052,7599.00503523517,906284.0
New York,2020,Intermix WUI,0.2186037309346743,30890.0740080454,779738.0
New York,2020,Non-WUI,0.7276194198528205,102817.173489419,6802044.0
New York,2020,WUI Total,0.2723805801471795,38489.079043280566,1686022.0
North Carolina,1990,Interface WUI,0.0444012198504565,6189.06073041991,495435.0
North Carolina,1990,Intermix WUI,0.2551178883105845,35560.7370583188,788751.0
North Carolina,1990,Non-WUI,0.7004808918389589,97639.6323049543,1534007.0
North Carolina,1990,WUI Total,0.299519108161041,41749.79778873871,1284186.0
North Carolina,2000,Interface WUI,0.0574949173196593,8014.1837584713,686635.0
North Carolina,2000,Intermix WUI,0.2821271032716393,39325.5361390182,905560.0
North Carolina,2000,Non-WUI,0.6603779794087012,92049.7101962032,1931749.0
North Carolina,2000,WUI Total,0.3396220205912987,47339.7198974895,1592195.0
North Carolina,2010,Interface WUI,0.0615110823602104,8573.99471463593,891790.0
North Carolina,2010,Intermix WUI,0.3117892569922701,43460.1268414884,1081031.0
North Carolina,2010,Non-WUI,0.6266996606475194,87355.3085375683,2354707.0
North Carolina,2010,WUI Total,0.3733003393524806,52034.12155612433,1972821.0
North Carolina,2020,Interface WUI,0.0617006533829713,8600.41891146086,992402.0
North Carolina,2020,Intermix WUI,0.3100036397624452,43211.2306734577,1121451.0
North Carolina,2020,Non-WUI,0.6282957068545834,87577.7805087743,2594857.0
North Carolina,2020,WUI Total,0.3717042931454165,51811.64958491856,2113853.0
North Dakota,1990,Interface WUI,0.0008266029983573,151.35852106227202,26268.0
North Dakota,1990,Intermix WUI,0.0017049105306428,312.184612171021,8845.0
North Dakota,1990,Non-WUI,0.9974684864709996,182645.544739729,241227.0
North Dakota,1990,WUI Total,0.0025315135290002,463.543133233293,35113.0
North Dakota,2000,Interface WUI,0.000802220534231,146.893870296007,28082.0
North Dakota,2000,Intermix WUI,0.0022667427538279,415.061198096089,11190.0
North Dakota,2000,Non-WUI,0.9969310367119408,182547.13280457,250405.0
North Dakota,2000,WUI Total,0.003068963288059,561.955068392096,39272.0
North Dakota,2010,Interface WUI,0.0010351983943475,189.554233756528,33496.0
North Dakota,2010,Intermix WUI,0.0023845411642314,436.631157577959,12071.0
North Dakota,2010,Non-WUI,0.996580260441421,182482.902481628,271931.0
North Dakota,2010,WUI Total,0.0034197395585789,626.185391334487,45567.0
North Dakota,2020,Interface WUI,0.0013817507477936,253.01111909628,44555.0
North Dakota,2020,Intermix WUI,0.0025942297070413,475.027035389285,12676.0
North Dakota,2020,Non-WUI,0.996024019545165,182381.049718476,313411.0
North Dakota,2020,WUI Total,0.003975980454835,728.038154485565,57231.0
Ohio,1990,Interface WUI,0.0332160659753778,3856.33015537115,368800.0
Ohio,1990,Intermix WUI,0.1024159715945263,11890.3243973676,306258.0
Ohio,1990,Non-WUI,0.8643679624300957,100351.686479873,3696887.0
Ohio,1990,WUI Total,0.1356320375699042,15746.65455273875,675058.0
Ohio,2000,Interface WUI,0.0378249078963006,4391.40905647186,414764.0
Ohio,2000,Intermix WUI,0.1184101010407985,13747.2162923407,322787.0
Ohio,2000,Non-WUI,0.8437649910629007,97959.7156837996,4045500.0
Ohio,2000,WUI Total,0.1562350089370992,18138.62534881256,737551.0
Ohio,2010,Interface WUI,0.0402717099064908,4675.4787106902,439913.0
Ohio,2010,Intermix WUI,0.1331356714709338,15456.8305900383,350337.0
Ohio,2010,Non-WUI,0.8265926186225753,95966.0317318837,4337258.0
Ohio,2010,WUI Total,0.1734073813774247,20132.3093007285,790250.0
Ohio,2020,Interface WUI,0.0398091124938352,4621.7719185149,441323.0
Ohio,2020,Intermix WUI,0.1305728370482456,15159.2897652229,346389.0
Ohio,2020,Non-WUI,0.829618050457919,96317.2793488742,4454812.0
Ohio,2020,WUI Total,0.1703819495420809,19781.0616837378,787712.0
Oklahoma,1990,Interface WUI,0.0137782900476834,2494.39254660819,319485.0
Oklahoma,1990,Intermix WUI,0.0420681119226381,7615.92218385261,183547.0
Oklahoma,1990,Non-WUI,0.9441535980296784,170927.57443979802,903467.0
Oklahoma,1990,WUI Total,0.0558464019703215,10110.3147304608,503032.0
Oklahoma,2000,Interface WUI,0.014981213067852,2712.16719101382,347283.0
Oklahoma,2000,Intermix WUI,0.0501152835829268,9072.76515502194,205646.0
Oklahoma,2000,Non-WUI,0.9349035033492212,169252.956824222,961471.0
Oklahoma,2000,WUI Total,0.0650964966507788,11784.93234603576,552929.0
Oklahoma,2010,Interface WUI,0.0167519413916606,3032.73610905011,387965.0
Oklahoma,2010,Intermix WUI,0.0587155735541605,10629.7434976662,235607.0
Oklahoma,2010,Non-WUI,0.9245324850541788,167375.40956354098,1040806.0
Oklahoma,2010,WUI Total,0.0754675149458211,13662.479606716312,623572.0
Oklahoma,2020,Interface WUI,0.016906948086572,3060.79819390412,402467.0
Oklahoma,2020,Intermix WUI,0.0589576783500914,10673.5736388795,249165.0
Oklahoma,2020,Non-WUI,0.9241353735633364,167303.517337473,1095175.0
Oklahoma,2020,WUI Total,0.0758646264366635,13734.37183278362,651632.0
Oregon,1990,Interface WUI,0.0093230172714881,2375.49925206744,275786.0
Oregon,1990,Intermix WUI,0.020730073021106,5282.01026802132,130124.0
Oregon,1990,Non-WUI,0.9699469097074058,247141.895317681,787657.0
Oregon,1990,WUI Total,0.0300530902925942,7657.509520088762,405910.0
Oregon,2000,Interface WUI,0.0105378743305124,2685.04410766978,351646.0
Oregon,2000,Intermix WUI,0.0219748983137985,5599.19101172637,127578.0
Oregon,2000,Non-WUI,0.9674872273556888,246515.16971837296,973485.0
Oregon,2000,WUI Total,0.032512772644311,8284.23511939615,479224.0
Oregon,2010,Interface WUI,0.0110432609627169,2813.81632076844,415472.0
Oregon,2010,Intermix WUI,0.0254380911767581,6481.6104920468715,147827.0
Oregon,2010,Non-WUI,0.9635186478605248,245503.97802495304,1112263.0
Oregon,2010,WUI Total,0.0364813521394751,9295.42681281531,563299.0
Oregon,2020,Interface WUI,0.0113720120750133,2897.58190852132,447139.0
Oregon,2020,Intermix WUI,0.0263043613127779,6702.335607133449,154315.0
Oregon,2020,Non-WUI,0.9623236266122088,245199.487322114,1212293.0
Oregon,2020,WUI Total,0.0376763733877912,9599.917515654768,601454.0
Pennsylvania,1990,Interface WUI,0.0811310435843917,9677.28645319642,1074393.0
Pennsylvania,1990,Intermix WUI,0.2203974536356346,26288.941916155,657434.0
Pennsylvania,1990,Non-WUI,0.6984715027799736,83313.470567717,3206313.0
Pennsylvania,1990,WUI Total,0.3015284972200263,35966.22836935142,1731827.0
Pennsylvania,2000,Interface WUI,0.0846636205010597,10098.6511642887,1151279.0
Pennsylvania,2000,Intermix WUI,0.2456653589376778,29302.890053353294,717449.0
Pennsylvania,2000,Non-WUI,0.6696710205612624,79878.1577194274,3381022.0
Pennsylvania,2000,WUI Total,0.3303289794387375,39401.541217642,1868728.0
Pennsylvania,2010,Interface WUI,0.0886811104680965,10577.8561580395,1207206.0
Pennsylvania,2010,Intermix WUI,0.2597189439426396,30979.1974417315,765085.0
Pennsylvania,2010,Non-WUI,0.6515999455892638,77722.6453372978,3595024.0
Pennsylvania,2010,WUI Total,0.3484000544107361,41557.053599771,1972291.0
Pennsylvania,2020,Interface WUI,0.0885327623522384,10560.1612394421,1220446.0
Pennsylvania,2020,Intermix WUI,0.2498205883271501,29798.524563944,747307.0
Pennsylvania,2020,Non-WUI,0.6616466493206113,78921.0131336832,3775075.0
Pennsylvania,2020,WUI Total,0.3383533506793885,40358.6858033861,1967753.0
Rhode Island,1990,Interface WUI,0.0693848745500443,277.640433289064,68633.0
Rhode Island,1990,Intermix WUI,0.281373684036442,1125.90405414184,42734.0
Rhode Island,1990,Non-WUI,0.6492414414135135,2597.91022571142,303205.0
Rhode Island,1990,WUI Total,0.3507585585864863,1403.544487430904,111367.0
Rhode Island,2000,Interface WUI,0.0660240548224039,264.192265349875,75990.0
Rhode Island,2000,Intermix WUI,0.3032031167194993,1213.2535404366802,50603.0
Rhode Island,2000,Non-WUI,0.6307728284580966,2524.00890735576,313244.0
Rhode Island,2000,WUI Total,0.3692271715419033,1477.4458057865552,126593.0
Rhode Island,2010,Interface WUI,0.0734534153104394,293.920514890357,86677.0
Rhode Island,2010,Intermix WUI,0.3067910402975642,1227.61045414852,52393.0
Rhode Island,2010,Non-WUI,0.6197555443919963,2479.9237441034297,324318.0
Rhode Island,2010,WUI Total,0.3802444556080036,1521.5309690388767,139070.0
Rhode Island,2020,Interface WUI,0.0755765699544838,302.416222047498,91340.0
Rhode Island,2020,Intermix WUI,0.30830647611502,1233.67440194274,54257.0
Rhode Island,2020,Non-WUI,0.6161169539304961,2465.36408915206,337877.0
Rhode Island,2020,WUI Total,0.3838830460695038,1536.090623990238,145597.0
South Carolina,1990,Interface WUI,0.036777834565784,3050.37006783111,347476.0
South Carolina,1990,Intermix WUI,0.2066057154057078,17135.970552837498,434303.0
South Carolina,1990,Non-WUI,0.756616450028508,62754.1071747271,642376.0
South Carolina,1990,WUI Total,0.2433835499714919,20186.34062066861,781779.0
South Carolina,2000,Interface WUI,0.0567179121906977,4704.209035116371,487940.0
South Carolina,2000,Intermix WUI,0.2393611156664244,19852.7181181786,478832.0
South Carolina,2000,Non-WUI,0.7039209721428777,58383.5206421001,786898.0
South Carolina,2000,WUI Total,0.2960790278571222,24556.927153294968,966772.0
South Carolina,2010,Interface WUI,0.0610916495979626,5066.968774214421,623345.0
South Carolina,2010,Intermix WUI,0.2615630036765748,21694.1526516438,561574.0
South Carolina,2010,Non-WUI,0.6773453467254625,56179.3263695373,952764.0
South Carolina,2010,WUI Total,0.3226546532745374,26761.121425858215,1184919.0
South Carolina,2020,Interface WUI,0.0617364447802898,5120.448375372949,713289.0
South Carolina,2020,Intermix WUI,0.2617886029191573,21712.863953845903,599335.0
South Carolina,2020,Non-WUI,0.6764749523005527,56107.135466176696,1032339.0
South Carolina,2020,WUI Total,0.3235250476994471,26833.31232921885,1312624.0
South Dakota,1990,Interface WUI,0.0010641030692563,212.532959026427,53182.0
South Dakota,1990,Intermix WUI,0.0035048456653356,700.021681833222,19084.0
South Dakota,1990,Non-WUI,0.995431051265408,198817.119266533,220170.0
South Dakota,1990,WUI Total,0.0045689487345919,912.554640859649,72266.0
South Dakota,2000,Interface WUI,0.0010080547589088,201.33844827766495,58523.0
South Dakota,2000,Intermix WUI,0.0043973630091698,878.283879873923,23097.0
South Dakota,2000,Non-WUI,0.9945945822319212,198650.051579241,241588.0
South Dakota,2000,WUI Total,0.0054054177680787,1079.622328151588,81620.0
South Dakota,2010,Interface WUI,0.0012255698974671,244.782675971838,66704.0
South Dakota,2010,Intermix WUI,0.0054242354101922,1083.3807696746298,28195.0
South Dakota,2010,Non-WUI,0.9933501946923404,198401.510461746,268539.0
South Dakota,2010,WUI Total,0.0066498053076594,1328.1634456464678,94899.0
South Dakota,2020,Interface WUI,0.0013687254592593,273.375089646616,71180.0
South Dakota,2020,Intermix WUI,0.0059158220787782,1181.56521468854,30767.0
South Dakota,2020,Non-WUI,0.9927154524619624,198274.733603057,291428.0
South Dakota,2020,WUI Total,0.0072845475380376,1454.940304335156,101947.0
Tennessee,1990,Interface WUI,0.0412187712574228,4497.56834293196,286124.0
Tennessee,1990,Intermix WUI,0.1502403183297527,16393.4071525781,352592.0
Tennessee,1990,Non-WUI,0.8085409104128243,88223.5906530871,1387351.0
Tennessee,1990,WUI Total,0.1914590895871755,20890.975495510054,638716.0
Tennessee,2000,Interface WUI,0.0595874125253183,6501.85466561762,393777.0
Tennessee,2000,Intermix WUI,0.1724901099222424,18821.1835090894,374745.0
Tennessee,2000,Non-WUI,0.7679224775524393,83791.5279738906,1670921.0
Tennessee,2000,WUI Total,0.2320775224475608,25323.03817470702,768522.0
Tennessee,2010,Interface WUI,0.0631953661874736,6895.53496414795,445689.0
Tennessee,2010,Intermix WUI,0.2007066816146016,21900.022487502,444549.0
Tennessee,2010,Non-WUI,0.7360979521979247,80319.0086969478,1921895.0
Tennessee,2010,WUI Total,0.2639020478020752,28795.557451649947,890238.0
Tennessee,2020,Interface WUI,0.0639064891288435,6973.12883537384,468320.0
Tennessee,2020,Intermix WUI,0.2065796004065254,22540.843473508703,458818.0
Tennessee,2020,Non-WUI,0.7295139104646311,79600.59383971518,2104467.0
Tennessee,2020,WUI Total,0.2704860895353689,29513.97230888254,927138.0
Texas,1990,Interface WUI,0.0081549694275843,5673.08580784839,1016021.0
Texas,1990,Intermix WUI,0.0359055041312859,24978.022017083,731680.0
Texas,1990,Non-WUI,0.9559395264411296,665008.8646893831,5261298.0
Texas,1990,WUI Total,0.0440604735588703,30651.10782493139,1747701.0
Texas,2000,Interface WUI,0.0120331153842902,8370.95671749695,1344363.0
Texas,2000,Intermix WUI,0.0399981455274973,27825.1088182824,739144.0
Texas,2000,Non-WUI,0.9479687390882124,659463.906978537,6074068.0
Texas,2000,WUI Total,0.0520312609117875,36196.06553577935,2083507.0
Texas,2010,Interface WUI,0.0136565633714136,9500.32449959783,1768111.0
Texas,2010,Intermix WUI,0.0469267495521945,32645.0613036664,870453.0
Texas,2010,Non-WUI,0.9394166870763918,653514.586711064,7338872.0
Texas,2010,WUI Total,0.0605833129236082,42145.38580326423,2638564.0
Texas,2020,Interface WUI,0.0152265873413044,10592.5273313388,2190000.0
Texas,2020,Intermix WUI,0.0504099255573221,35068.1674276559,983293.0
Texas,2020,Non-WUI,0.9343634871013732,649999.27775533,8416031.0
Texas,2020,WUI Total,0.0656365128986266,45660.6947589947,3173293.0
Utah,1990,Interface WUI,0.0059548824144309,1309.38972217851,234938.0
Utah,1990,Intermix WUI,0.0045401300251501,998.306797440546,39898.0
Utah,1990,Non-WUI,0.9895049875604188,217577.371068844,323552.0
Utah,1990,WUI Total,0.0104950124395811,2307.696519619056,274836.0
Utah,2000,Interface WUI,0.0071846693751615,1579.80151115815,317482.0
Utah,2000,Intermix WUI,0.0057321067236749,1260.40467435955,43890.0
Utah,2000,Non-WUI,0.9870832239011637,217044.861402945,407222.0
Utah,2000,WUI Total,0.0129167760988364,2840.2061855177,361372.0
Utah,2010,Interface WUI,0.0085880379363264,1888.38130208142,431329.0
Utah,2010,Intermix WUI,0.0080802546808901,1776.72734663952,57274.0
Utah,2010,Non-WUI,0.9833317073827832,216219.958939741,491106.0
Utah,2010,WUI Total,0.0166682926172166,3665.10864872094,488603.0
Utah,2020,Interface WUI,0.009188021263226,2020.30867646868,508959.0
Utah,2020,Intermix WUI,0.0081661889603163,1795.62301147932,64008.0
Utah,2020,Non-WUI,0.9826457897764576,216069.135900514,578447.0
Utah,2020,WUI Total,0.0173542102235424,3815.931687948,572967.0
Vermont,1990,Interface WUI,0.050506230103213,1257.77313711254,92121.0
Vermont,1990,Intermix WUI,0.1913741350461905,4765.85256328472,92449.0
Vermont,1990,Non-WUI,0.7581196348505964,18879.7007712517,86644.0
Vermont,1990,WUI Total,0.2418803651494036,6023.6257003972605,184570.0
Vermont,2000,Interface WUI,0.0522938988362658,1302.29203519491,99577.0
Vermont,2000,Intermix WUI,0.2304891106426488,5739.94557049389,103914.0
Vermont,2000,Non-WUI,0.7172169905210851,17861.088865960097,90891.0
Vermont,2000,WUI Total,0.2827830094789148,7042.237605688801,203491.0
Vermont,2010,Interface WUI,0.0565685274131869,1408.74450619101,106783.0
Vermont,2010,Intermix WUI,0.278878609779852,6945.00506530721,122020.0
Vermont,2010,Non-WUI,0.6645528628069611,16549.5769001506,93736.0
Vermont,2010,WUI Total,0.3354471371930389,8353.74957149822,228803.0
Vermont,2020,Interface WUI,0.0576145091736405,1434.79293145498,111514.0
Vermont,2020,Intermix WUI,0.280948961719259,6996.5637155654895,124546.0
Vermont,2020,Non-WUI,0.6614365291071003,16471.969824628402,98258.0
Vermont,2020,WUI Total,0.3385634708928996,8431.35664702047,236060.0
Virginia,1990,Interface WUI,0.054822940448003,6073.62835422444,463225.0
Virginia,1990,Intermix WUI,0.1864107437156507,20651.748507310906,461308.0
Virginia,1990,Non-WUI,0.7587663158363464,84060.8798512907,1571801.0
Virginia,1990,WUI Total,0.2412336841636537,26725.37686153534,924533.0
Virginia,2000,Interface WUI,0.0596643446462338,6609.98940258019,583721.0
Virginia,2000,Intermix WUI,0.2290513581989702,25375.7425698526,529521.0
Virginia,2000,Non-WUI,0.7112842971547959,78800.52474039327,1790950.0
Virginia,2000,WUI Total,0.288715702845204,31985.73197243279,1113242.0
Virginia,2010,Interface WUI,0.0657486701550919,7284.04905032899,713286.0
Virginia,2010,Intermix WUI,0.2597227766309561,28773.714206005297,602207.0
Virginia,2010,Non-WUI,0.6745285532139521,74728.4934564926,2049446.0
Virginia,2010,WUI Total,0.325471446786048,36057.763256334285,1315493.0
Virginia,2020,Interface WUI,0.0664151831230579,7357.88952710054,764653.0
Virginia,2020,Intermix WUI,0.2583184864557803,28618.1381541591,625147.0
Virginia,2020,Non-WUI,0.6752663304211615,74810.22903156771,2228447.0
Virginia,2020,WUI Total,0.3247336695788383,35976.02768125964,1389800.0
Washington,1990,Interface WUI,0.0159272091281538,2941.2414211528603,400618.0
Washington,1990,Intermix WUI,0.0454727662170704,8397.35213218433,260719.0
Washington,1990,Non-WUI,0.9386000246547757,173329.128047289,1371041.0
Washington,1990,WUI Total,0.0613999753452242,11338.593553337188,661337.0
Washington,2000,Interface WUI,0.0203121219829557,3750.99328746644,539960.0
Washington,2000,Intermix WUI,0.0487861901598672,9009.23458239762,253413.0
Washington,2000,Non-WUI,0.930901687857177,171907.493730763,1657702.0
Washington,2000,WUI Total,0.0690983121428229,12760.227869864058,793373.0
Washington,2010,Interface WUI,0.0220939353748973,4080.0367068738,649526.0
Washington,2010,Intermix WUI,0.0565943475665829,10451.1492205949,309207.0
Washington,2010,Non-WUI,0.9213117170585196,170136.535673159,1926944.0
Washington,2010,WUI Total,0.0786882829414802,14531.1859274687,958733.0
Washington,2020,Interface WUI,0.0227096957128552,4193.74776553651,713905.0
Washington,2020,Intermix WUI,0.0589648566131749,10888.9057252627,329461.0
Washington,2020,Non-WUI,0.9183254476739696,169585.068109828,2158875.0
Washington,2020,WUI Total,0.0816745523260302,15082.65349079921,1043366.0
West Virginia,1990,Interface WUI,0.0432773481698297,2715.89197828924,393673.0
West Virginia,1990,Intermix WUI,0.1859190478074507,11667.4443306912,224464.0
West Virginia,1990,Non-WUI,0.7708036040227195,48372.1718989506,163158.0
West Virginia,1990,WUI Total,0.2291963959772805,14383.33630898044,618137.0
West Virginia,2000,Interface WUI,0.0465522399253611,2921.4094747335803,412813.0
West Virginia,2000,Intermix WUI,0.2155726709972619,13528.3725241743,257476.0
West Virginia,2000,Non-WUI,0.7378750890773768,46305.7262090232,174334.0
West Virginia,2000,WUI Total,0.2621249109226231,16449.781998907878,670289.0
West Virginia,2010,Interface WUI,0.0489826239649025,3073.9294602754403,419396.0
West Virginia,2010,Intermix WUI,0.2325654282342568,14594.7616404359,276841.0
West Virginia,2010,Non-WUI,0.7184519478008407,45086.8171072197,185680.0
West Virginia,2010,WUI Total,0.2815480521991593,17668.69110071134,696237.0
West Virginia,2020,Interface WUI,0.0480936815486622,3018.1434271767102,408126.0
West Virginia,2020,Intermix WUI,0.2150899612420516,13498.0798281692,257682.0
West Virginia,2020,Non-WUI,0.736816357209286,46239.2849525854,189827.0
West Virginia,2020,WUI Total,0.2631836427907139,16516.22325534591,665808.0
Wisconsin,1990,Interface WUI,0.0145543667574937,2468.9443293326003,210624.0
Wisconsin,1990,Intermix WUI,0.0523768679345531,8885.00154145391,227834.0
Wisconsin,1990,Non-WUI,0.9330687653079532,158282.038330408,1617310.0
Wisconsin,1990,WUI Total,0.0669312346920469,11353.945870786512,438458.0
Wisconsin,2000,Interface WUI,0.0168915335826906,2865.41192396728,247817.0
Wisconsin,2000,Intermix WUI,0.0606166560950853,10282.7661156752,249613.0
Wisconsin,2000,Non-WUI,0.922491810322224,156487.80616155302,1823714.0
Wisconsin,2000,WUI Total,0.077508189677776,13148.17803964248,497430.0
Wisconsin,2010,Interface WUI,0.019767632792103,3353.30184401623,279937.0
Wisconsin,2010,Intermix WUI,0.0732245218372779,12421.5138295286,296356.0
Wisconsin,2010,Non-WUI,0.907007845370619,153861.168527651,2048065.0
Wisconsin,2010,WUI Total,0.0929921546293809,15774.815673544832,576293.0
Wisconsin,2020,Interface WUI,0.0204093657711329,3462.16284950834,289289.0
Wisconsin,2020,Intermix WUI,0.0739760000286213,12548.9915721229,296695.0
Wisconsin,2020,Non-WUI,0.9056146342002456,153624.829779565,2141742.0
Wisconsin,2020,WUI Total,0.0943853657997542,16011.15442163124,585984.0
Wyoming,1990,Interface WUI,0.0022493452221029,569.818170955279,130662.0
Wyoming,1990,Intermix WUI,0.0037944208285904,961.22636718282,27266.0
Wyoming,1990,Non-WUI,0.9939562339493065,251795.196963623,45483.0
Wyoming,1990,WUI Total,0.0060437660506933,1531.0445381380991,157928.0
Wyoming,2000,Interface WUI,0.0026072266262288,660.478921965871,143159.0
Wyoming,2000,Intermix WUI,0.0047051760337011,1191.94456022169,31629.0
Wyoming,2000,Non-WUI,0.99268759734007,251473.818019574,49066.0
Wyoming,2000,WUI Total,0.00731240265993,1852.4234821875607,174788.0
Wyoming,2010,Interface WUI,0.0031108631968367,788.06328148081,168552.0
Wyoming,2010,Intermix WUI,0.0064191113487125,1626.12935175066,38959.0
Wyoming,2010,Non-WUI,0.9904700254544508,250912.04886853,54357.0
Wyoming,2010,WUI Total,0.0095299745455493,2414.1926332314697,207511.0
Wyoming,2020,Interface WUI,0.0034308742600614,869.1304813665021,178712.0
Wyoming,2020,Intermix WUI,0.0063933802963843,1619.61100097448,38996.0
Wyoming,2020,Non-WUI,0.990175745443554,250837.500019421,54179.0
Wyoming,2020,WUI Total,0.0098242545564458,2488.741482340982,217708.0
